"","Unweighted_count","Proportion","Lower","Upper","SE"
"nhanes01_02w",116,60.1040606811003,49.7395893649659,69.6359631150542,0.0466423813862049
"nhanes03_04w",120,60.4535837338838,49.343320217934,70.5799618565266,0.0494501271464282
"nhanes05_06w",105,67.0393750614025,58.7334284680388,74.4021534981556,0.0362064615545492
"nhanes07_08w",148,56.3083299012941,44.4743049681703,67.4652588356324,0.0541630219459125
"nhanes09_10w",149,61.9014734264009,50.3025529062446,72.2848322784655,0.0523648080805207
"nhanes11_12w",113,59.8785425494757,46.6257377935014,71.8288905818122,0.0595589095523359
"nhanes13_14w",151,65.8254427436724,56.5988455463102,73.9918973285744,0.040907429819792
"nhanes15_16w",134,71.6490798583748,57.8216358545342,82.328817821801,0.0575126889544439
"nhanes17_18w",168,66.926949442388,61.3346555330646,72.0786162904644,0.0252852020941006
