"","Unweighted_count","Proportion","Lower","Upper","SE"
"nhanes01_02w",14,81.219042315482,45.2068339145608,95.7747867803505,0.0794032584331929
"nhanes03_04w",7,35.2443763912861,3.90428677424197,87.9387260013139,0.137645132940247
"nhanes05_06w",11,86.4310796879522,0,NA,0.0933886312818244
"nhanes07_08w",7,48.838475485412,6.65438374025158,92.7445389048821,0.150672370800961
"nhanes09_10w",17,52.6868044558189,22.4221628987306,81.0978917496059,0.121100262698609
"nhanes11_12w",47,71.4168823593013,51.7837282253324,85.3216755731135,0.0761911209675832
"nhanes13_14w",48,56.0853435798836,38.2599583020149,72.467710672955,0.0772378751418804
"nhanes15_16w",52,54.0335127662427,38.6584864687397,68.6772698400692,0.072189649681651
"nhanes17_18w",97,69.4148528944696,56.3245028481691,79.9765647467928,0.056302002213152
