"","Unweighted_count","Proportion","Lower","Upper","SE"
"nhanes01_02w",127,46.2985514154196,36.5403496054189,56.3487601776248,0.0470859953879758
"nhanes03_04w",143,53.4449627142606,44.9082050699372,61.7845779623328,0.0399695194327355
"nhanes05_06w",123,54.9318505150805,46.8405542006702,62.7704484599273,0.0376864658346135
"nhanes07_08w",184,47.2652067897519,38.6379150001376,56.0589798647032,0.0415113894338122
"nhanes09_10w",198,57.0349302423983,50.2773496035154,63.5401139011748,0.0314629845971453
"nhanes11_12w",184,53.5284665713125,43.1788900995905,63.5828393683608,0.0490396538883481
"nhanes13_14w",196,56.0795238847571,48.7342625977909,63.1677611567609,0.034092834743364
"nhanes15_16w",241,59.8274976912337,49.312027681018,69.5102977786429,0.0480135327538515
"nhanes17_18w",288,63.1775805960785,57.8886995998316,68.1674790250476,0.0241903208213985
