"","Unweighted_count","Proportion","Lower","Upper","SE"
"nhanes01_02w",84,49.5589734962661,40.0857282664495,59.0639904031855,0.0450659219536213
"nhanes03_04w",112,53.5028220130173,45.7977932245688,61.0442178427264,0.0360450466496813
"nhanes05_06w",96,51.7356515750744,43.7565628591551,59.6272032483684,0.0375466919323074
"nhanes07_08w",138,47.4569626948842,38.7604266434864,56.3105469743863,0.0418255285121904
"nhanes09_10w",135,56.7767539238818,51.5459293241524,61.8607077021389,0.0244135444261756
"nhanes11_12w",127,48.132793795544,41.7728560792206,54.5538180515258,0.0304556176714254
"nhanes13_14w",136,55.9864148284994,46.7046446446662,64.8676578575673,0.0430780656098259
"nhanes15_16w",131,57.1487439076523,45.2755373866124,68.252256766168,0.0548577520908431
"nhanes17_18w",175,56.8831889409989,48.443575467899,64.9410922478865,0.039050019706905
