"","Unweighted_Count","Weighted_Count.total","Weighted_Count.high_srh","Proportion","Lower_CI","Upper_CI","SE","Income"
"01/02-03/04",362,6524776.406385,628915.846587692,61.7027602921445,55.9369085615186,67.1571155516224,2.75785597510493,"Above poverty threshold"
"05/06-07/08",424,7641916.573501,554690.463844913,62.8386718604836,57.800361848032,67.6125071405218,2.41265149847693,"Above poverty threshold"
"09/10-11/12",462,8098062.40383399,711688.992028311,59.5084762078347,52.9962668195802,65.7023475784183,3.13891627854236,"Above poverty threshold"
"13/14-15/16",551,11467096.7849965,894880.748086824,66.1635937954993,61.137228139753,70.8498310058126,2.38433092237956,"Above poverty threshold"
"2017-2018",335,6826472.02229738,448803.002234061,67.9263176447478,61.9652029612469,73.3548976346839,2.68124769983411,"Above poverty threshold"
