"","Unweighted.Count","Proportion","Lower_CI","Upper_CI","SE","Sex"
"nhanes01_02w",110,53.0991796107176,43.5101906693004,62.4646513429154,4.50059322847975,"Female"
"nhanes03_04w",108,50.673940363536,40.87884001766,60.4175747311849,4.64312704783878,"Female"
"nhanes05_06w",105,56.0404635727617,46.7360274502455,64.9388789933204,4.31745307226014,"Female"
"nhanes07_08w",153,47.3934879936789,42.151892471886,52.6931659119219,2.49550592752077,"Female"
"nhanes09_10w",151,51.5334649561687,43.7603266268179,59.2331113455492,3.67892556286778,"Female"
"nhanes11_12w",151,53.1871916904248,44.8046040319296,61.3936624797301,3.96792039089572,"Female"
"nhanes13_14w",159,54.0638635226465,46.96088006304,61.0054820668475,3.31638735060549,"Female"
"nhanes15_16w",166,54.9587537309723,45.6079693997906,63.9718787759375,4.35677375992147,"Female"
"nhanes17_18w",174,58.6388476121965,49.6277225057233,67.1064152760489,4.1413389053191,"Female"
