"","Unweighted_Count","Weighted_Count.total","Weighted_Count.high_srh","Proportion","Lower_CI","Upper_CI","SE","Income"
"01/02-03/04",60,784207.6872425,148720.681107951,40.2009436159775,29.0936941900932,52.4140986733927,5.70748621704014,"Below poverty threshold"
"05/06-07/08",79,754636.1495675,101978.424815851,35.8944849558672,28.6318039482948,43.8670561988686,3.72479582396501,"Below poverty threshold"
"09/10-11/12",109,1190594.1403785,127978.195958237,40.6467424993211,32.6375256771638,49.1862909628192,4.06866048173699,"Below poverty threshold"
"13/14-15/16",117,1517491.012308,264354.159533962,38.5727761887929,30.4481370448191,47.3882578725798,4.17274295900927,"Below poverty threshold"
"2017-2018",42,405835.856119729,46218.5456964008,28.5333110520921,19.9710653848617,38.978531594311,4.4358265155652,"Below poverty threshold"
