"","Unweighted.Count","Proportion","Lower_CI","Upper_CI","SE","Race"
"nhanes01_02w",57,47.8398872537284,31.9009263723574,64.2311733322967,7.27032773039186,"Hispanic"
"nhanes03_04w",57,57.8980028216633,42.6031810597632,71.8136223099465,5.84752304854912,"Hispanic"
"nhanes05_06w",47,50.230818894058,31.5071680072082,68.8899559712978,8.68341633028529,"Hispanic"
"nhanes07_08w",73,43.6988202359365,33.7059220147947,54.2308152740689,4.72872401779067,"Hispanic"
"nhanes09_10w",85,43.2311981231143,32.9671882544303,54.1112086471965,4.87544986573961,"Hispanic"
"nhanes11_12w",48,38.5016943942592,26.8163741986521,51.6829710078334,5.60663996609579,"Hispanic"
"nhanes13_14w",68,42.4027723861956,32.1910082106223,53.3073203998927,4.86847375274038,"Hispanic"
"nhanes15_16w",107,39.0078269834948,33.2021679490609,45.1425930962983,2.79619048982582,"Hispanic"
"nhanes17_18w",71,46.8006530172259,34.9993232593576,58.9711055111649,5.48563212227244,"Hispanic"
