"","Unweighted_count","Proportion","Lower","Upper","SE"
"nhanes01_02w",183,58.6162705003476,49.326202276009,67.3311854863615,0.0426868795851221
"nhanes03_04w",194,62.7303146146003,55.7308730811745,69.2340098154978,0.0318552758847162
"nhanes05_06w",185,65.9892709256543,60.1858519460692,71.3494558855047,0.0262821446080565
"nhanes07_08w",252,58.3796960145281,50.6338801226293,65.7326669324377,0.0358779415853289
"nhanes09_10w",250,58.8709877724286,50.9339358679342,66.3718050072558,0.0366950239050772
"nhanes11_12w",220,59.9274765889241,49.4103571098523,69.6032428480432,0.0484919231747229
"nhanes13_14w",267,63.7176716319941,57.6149845223951,69.4082313852938,0.027781972637338
"nhanes15_16w",286,67.7628352805535,59.126788095817,75.3353537411047,0.0382982284382075
"nhanes17_18w",340,67.245368921424,61.2552465722509,72.721801593851,0.0269970143685725
