"","Unweighted_count","Proportion","Lower","Upper","SE"
"nhanes01_02w",86,74.0759722112331,63.7700057200025,82.2655933919478,0.0436537238571169
"nhanes03_04w",75,67.6547093961477,53.1261849781583,79.4241813198842,0.0629084101393643
"nhanes05_06w",91,77.3960801059702,62.9556027548018,87.3394672673502,0.0571382395922777
"nhanes07_08w",115,65.9515492419195,54.4535772846929,75.835010855289,0.0508349100457352
"nhanes09_10w",94,60.5942030289424,45.9416474507636,73.5608014569862,0.0667903214654641
"nhanes11_12w",97,63.6324025138282,49.6804714957944,75.6147060270454,0.0624660443088377
"nhanes13_14w",125,70.661186354997,60.5677601112886,79.06406150202,0.0437495675121414
"nhanes15_16w",125,73.3396265929133,61.9224664962696,82.3113653972515,0.048221221119968
"nhanes17_18w",119,70.3931357221673,59.0352021875189,79.6855892265257,0.0486506976553036
