"","Unweighted_count","Proportion","Lower","Upper","SE"
"nhanes01_02w",57,47.9099855225411,31.92509482577,64.3346246305548,0.0728955818803586
"nhanes03_04w",57,57.8980028216633,42.6031810597632,71.8136223099465,0.0584752304854912
"nhanes05_06w",47,50.230818894058,31.5071680072082,68.8899559712978,0.0868341633028529
"nhanes07_08w",73,43.6988202359365,33.7059220147947,54.2308152740689,0.0472872401779067
"nhanes09_10w",85,43.2311981231143,32.9671882544303,54.1112086471965,0.0487544986573961
"nhanes11_12w",48,38.5016943942592,26.8163741986521,51.6829710078334,0.0560663996609579
"nhanes13_14w",68,42.4027723861956,32.1910082106223,53.3073203998927,0.0486847375274038
"nhanes15_16w",107,39.0078269834948,33.2021679490609,45.1425930962983,0.0279619048982582
"nhanes17_18w",71,46.8973226267524,34.9678650825378,59.1922476409196,0.0554582401620387
