"","Unweighted_count","Proportion","Lower","Upper","SE"
"nhanes01_02w",32,49.1625901321499,29.1655040105058,69.4312841440837,0.0943369949563032
"nhanes03_04w",32,35.0445647186244,22.1916616157306,50.5092373477208,0.0671668791562184
"nhanes05_06w",30,33.8086764178238,20.4384409179775,50.3862352928709,0.0711928058632837
"nhanes07_08w",50,34.3274795759686,27.1623328209534,42.2854379200771,0.0349377655462322
"nhanes09_10w",45,37.1489101264146,24.1020437891001,52.3838271184234,0.0659044378239112
"nhanes11_12w",69,41.544804857555,31.1465764950986,52.7546938000485,0.0517556317508393
"nhanes13_14w",53,39.5475803541693,24.9702308568772,56.2544787981089,0.0753353594903193
"nhanes15_16w",69,37.6725795513674,30.2832328281196,45.6834899278996,0.0361685523373221
"nhanes17_18w",42,28.2111885310652,19.8265125588382,38.4415756854551,0.0434194169634098
