"","Unweighted_count","Proportion","Lower","Upper","SE"
"nhanes01_02w",17,47.0004990775012,26.8423430865953,68.1871890854198,0.0929678284397647
"nhanes03_04w",21,50.0920343637866,24.6178969549117,75.5184818469482,0.118705304195206
"nhanes05_06w",13,31.5472378635566,18.898683302777,47.6839388950605,0.0660939963096663
"nhanes07_08w",33,45.4253571178085,30.7328767290013,60.9602018519946,0.0715839404789631
"nhanes09_10w",32,37.2944975176376,24.5032480647393,52.150600765154,0.0655641097915207
"nhanes11_12w",40,49.1737679799881,33.3494213526292,65.1654277060671,0.0748745356350747
"nhanes13_14w",27,36.1362324870559,22.4171659371821,52.5629240773427,0.0704677337675753
"nhanes15_16w",30,34.7735873846552,24.0815519461682,47.2577768898756,0.0535052800611841
"nhanes17_18w",27,38.3586704717384,23.3295606760401,55.9982490060031,0.0759221189372341
