"","Unweighted.Count","Proportion","Lower_CI","Upper_CI","SE","CKD"
"nhanes01_02w",130,64.5587934323894,50.407219391585,76.5507102285736,6.26273774559341,"No-CKD"
"nhanes03_04w",120,62.5074285527462,51.3389879919145,72.4862866593234,5.03106111476744,"No-CKD"
"nhanes05_06w",120,68.4495636050973,59.0739378491229,76.5306633783823,4.1287134664189,"No-CKD"
"nhanes07_08w",186,62.2550284671657,53.8184653951284,70.0092316122717,3.85021467755602,"No-CKD"
"nhanes09_10w",165,54.6901562757122,41.8828128524261,66.9052934521316,6.02865680641934,"No-CKD"
"nhanes11_12w",176,62.8193446278531,53.03059113068,71.6583347515101,4.4625277659758,"No-CKD"
"nhanes13_14w",196,62.704335968941,52.7095273503955,71.7200987857842,4.51016654087939,"No-CKD"
"nhanes15_16w",247,65.4742178164813,56.5118320589714,73.4570956130285,4.0088323900179,"No-CKD"
"nhanes17_18w",248,69.4049937709246,60.5770762038517,77.0064416260886,3.88090226037474,"No-CKD"
