"","Unweighted_count","Proportion","Lower","Upper","SE"
"nhanes01_02w",126,63.0978778435849,51.7537737962736,73.1580540271833,0.050932971906332
"nhanes03_04w",131,64.6657032314182,55.0768531572797,73.2036076742445,0.0426773931495298
"nhanes05_06w",122,67.6450709913446,60.8274225805611,73.7874907114961,0.0305426890568447
"nhanes07_08w",180,61.1616072123901,52.1089005369328,69.5045493871351,0.0414264940203314
"nhanes09_10w",174,60.8510818407696,51.1601995151846,69.7558245851275,0.0443479202416354
"nhanes11_12w",171,59.4821530742602,46.2459324901505,71.4698320542047,0.0610433581616417
"nhanes13_14w",189,64.7012125202794,55.9951962073512,72.5297964970026,0.0391063649685222
"nhanes15_16w",232,67.9883591218318,58.9054715896099,75.8855451893229,0.0401473168021444
"nhanes17_18w",263,67.2032410747198,57.7956628748508,75.4061572128601,0.0416727586215448
