"","Unweighted.Count","Proportion","Lower_CI","Upper_CI","SE","Race"
"nhanes01_02w",14,81.219042315482,45.2068339145608,95.7747867803505,7.94032584331929,"Other"
"nhanes03_04w",7,35.2443763912861,3.90428677424197,87.9387260013139,13.7645132940247,"Other"
"nhanes05_06w",11,86.4310796879522,0,NA,9.33886312818244,"Other"
"nhanes07_08w",7,48.838475485412,6.65438374025158,92.7445389048821,15.0672370800961,"Other"
"nhanes09_10w",17,52.6868044558189,22.4221628987306,81.0978917496059,12.1100262698609,"Other"
"nhanes11_12w",47,71.4168823593013,51.7837282253324,85.3216755731135,7.61911209675832,"Other"
"nhanes13_14w",48,56.0853435798836,38.2599583020149,72.467710672955,7.72378751418804,"Other"
"nhanes15_16w",52,54.0335127662427,38.6584864687397,68.6772698400692,7.2189649681651,"Other"
"nhanes17_18w",97,69.4148528944696,56.3245028481691,79.9765647467928,5.6302002213152,"Other"
