"","Unweighted.Count","Proportion","Lower_CI","Upper_CI","SE","Age"
"nhanes01_02w",109,51.717370868405,42.074297088417,61.2342110381193,4.55075013189077,">=65"
"nhanes03_04w",126,59.011116662451,50.7279749934655,66.8127651344392,3.80507710105532,">=65"
"nhanes05_06w",102,60.9171487169117,52.5197567636924,68.7140838780595,3.83078836451259,">=65"
"nhanes07_08w",159,55.2126261832602,46.4621157549654,63.6518029738698,4.09455301137895,">=65"
"nhanes09_10w",174,65.4772563517354,59.686031549708,70.8429562359155,2.64105939565542,">=65"
"nhanes11_12w",144,57.3838938981074,44.9272842096087,68.9690329272074,5.8086984568849,">=65"
"nhanes13_14w",169,65.3134841930666,55.3020212115536,74.1314862075195,4.46378156895694,">=65"
"nhanes15_16w",192,68.5227492552757,57.2284854016285,77.9820730161246,4.92534713234617,">=65"
"nhanes17_18w",244,68.0984807873876,60.0637412090047,75.1845785338326,3.56914786305166,">=65"
