"","Unweighted_Count","Weighted_Count.total","Weighted_Count.high_srh","Proportion","Lower_CI","Upper_CI","SE","Insurance"
"nhanes01_02w",83,3678636.445914,408031.457422877,73.4294882469881,62.8074101841724,81.892536321918,4.50873342717614,"Private insurance"
"nhanes03_04w",73,3300043.589572,502042.547167302,68.9018538281887,54.4774311314194,80.4001080044275,6.19213556590116,"Private insurance"
"nhanes05_06w",87,4426423.107836,617108.462156949,76.9555699032977,62.5596709852221,86.9691733205685,5.72530855706043,"Private insurance"
"nhanes07_08w",114,4008273.319481,440636.029800562,66.5178597703511,54.5304895103028,76.6955370990582,5.27405222591449,"Private insurance"
"nhanes09_10w",91,3610226.975478,548571.14102526,60.3339249738887,45.4110946713467,73.5531405786197,6.812739940881,"Private insurance"
"nhanes11_12w",96,3997134.812261,576779.736706049,63.6445803840331,49.6697792454692,75.641989819366,6.25612024249449,"Private insurance"
"nhanes13_14w",125,5463268.818775,684960.950239535,70.661186354997,60.5677601112886,79.06406150202,4.37495675121414,"Private insurance"
"nhanes15_16w",125,6049386.889588,860239.770323966,73.7745272209592,62.3546778000439,82.6917227568455,4.80779120394322,"Private insurance"
"nhanes17_18w",119,5688367.22616327,630694.512220996,70.3931357221673,59.0352021875189,79.6855892265257,4.86506976553036,"Private insurance"
