"","Unweighted_Count","Weighted_Count.total","Weighted_Count.high_srh","Proportion","Lower_CI","Upper_CI","SE","Income"
"nhanes01_02w",171,5544880.69973,601838.558085233,58.8535032640834,49.6345186478563,67.4902841857566,4.23246924643572,"Above poverty threshold"
"nhanes03_04w",191,6964066.969186,1059848.43256646,64.2151313004816,56.3046394612951,71.4204426221494,3.5704600159947,"Above poverty threshold"
"nhanes05_06w",178,7825618.437671,846392.534044395,66.4255417750334,60.334429131837,72.0151406567849,2.75076964208515,"Above poverty threshold"
"nhanes07_08w",246,7458214.709331,717179.002087934,59.469239866052,51.6321341459004,66.8517475155077,3.61667866381033,"Above poverty threshold"
"nhanes09_10w",243,7608336.516878,586255.883172737,58.9207670288222,50.7245576771842,66.6500040543023,3.78728788030835,"Above poverty threshold"
"nhanes11_12w",219,8587788.29079,1297038.52099406,60.0390382699302,49.4261157574306,69.78625912918,4.89037818156127,"Above poverty threshold"
"nhanes13_14w",266,10715539.633577,1017786.11806231,63.8329588316846,57.8853491588952,69.3848634655704,2.70841110445618,"Above poverty threshold"
"nhanes15_16w",285,12218653.936416,1472194.83461443,68.3522251740968,59.8550681223204,75.7786598078725,3.76095818915726,"Above poverty threshold"
"nhanes17_18w",335,13652944.0445948,897606.004468122,67.9263176447478,61.9652029612469,73.3548976346839,2.68124769983411,"Above poverty threshold"
