"","Unweighted_count","Proportion","Lower","Upper","SE"
"nhanes01_02w",110,53.0991796107176,43.5101906693004,62.4646513429154,0.0450059322847975
"nhanes03_04w",108,50.673940363536,40.87884001766,60.4175747311849,0.0464312704783878
"nhanes05_06w",105,56.0404635727617,46.7360274502455,64.9388789933204,0.0431745307226014
"nhanes07_08w",153,47.3934879936789,42.151892471886,52.6931659119219,0.0249550592752077
"nhanes09_10w",151,51.5334649561687,43.7603266268179,59.2331113455492,0.0367892556286778
"nhanes11_12w",151,53.1871916904248,44.8046040319296,61.3936624797301,0.0396792039089572
"nhanes13_14w",159,54.0638635226465,46.96088006304,61.0054820668475,0.0331638735060549
"nhanes15_16w",166,54.9587537309723,45.6079693997906,63.9718787759375,0.0435677375992147
"nhanes17_18w",174,58.6751547871958,49.6645985127728,67.1399414281175,0.0414051641612604
