"","Unweighted_count","Proportion","Lower","Upper","SE"
"nhanes01_02w",109,51.7509876723498,42.0990067643318,61.274054808951,0.0455443291792363
"nhanes03_04w",126,59.011116662451,50.7279749934655,66.8127651344392,0.0380507710105532
"nhanes05_06w",102,60.9171487169117,52.5197567636924,68.7140838780595,0.0383078836451259
"nhanes07_08w",159,55.2126261832602,46.4621157549654,63.6518029738698,0.0409455301137895
"nhanes09_10w",174,65.4772563517354,59.686031549708,70.8429562359155,0.0264105939565542
"nhanes11_12w",144,57.3838938981074,44.9272842096087,68.9690329272074,0.058086984568849
"nhanes13_14w",169,65.3907983773792,55.4370993156215,74.1576110326456,0.044373197738983
"nhanes15_16w",192,68.5227492552757,57.2284854016285,77.9820730161246,0.0492534713234617
"nhanes17_18w",244,68.0984807873876,60.0637412090047,75.1845785338326,0.0356914786305166
