"","Unweighted_count","Proportion","Lower","Upper","SE"
"nhanes01_02w",127,61.6767792337808,52.5022764934633,70.0887635103413,0.0416603549965693
"nhanes03_04w",113,56.0231250266028,45.6477986783153,65.8975263606831,0.0481579009632461
"nhanes05_06w",125,61.6776957015288,52.1398371722989,70.3940787959099,0.0432754379647011
"nhanes07_08w",174,52.9406204979827,45.6953782589693,60.0640270838137,0.0341251713724679
"nhanes09_10w",151,49.1022451008387,38.5002003430252,59.7856642408254,0.0509830555842723
"nhanes11_12w",178,55.4779625511574,45.7752213547939,64.7803513305856,0.0455872323419009
"nhanes13_14w",179,55.543945109436,48.504537949738,62.3676582412005,0.0327284850527962
"nhanes15_16w",206,57.544050981161,48.6823301309218,65.9459484328622,0.0408970591048755
"nhanes17_18w",193,59.5464979053881,51.2899702740838,67.2958869773753,0.0378594521546801
