"","Unweighted.Count","Proportion","Lower_CI","Upper_CI","SE","Poverty"
"nhanes01_02w",183,58.5991585078388,49.3050171917468,67.3187957766719,4.27082464175693,"At/Above-threshold"
"nhanes03_04w",194,62.7303146146003,55.7308730811745,69.2340098154978,3.18552758847162,"At/Above-threshold"
"nhanes05_06w",185,65.9892709256543,60.1858519460692,71.3494558855047,2.62821446080565,"At/Above-threshold"
"nhanes07_08w",252,58.3796960145281,50.6338801226293,65.7326669324377,3.58779415853289,"At/Above-threshold"
"nhanes09_10w",250,58.8709877724286,50.9339358679342,66.3718050072558,3.66950239050772,"At/Above-threshold"
"nhanes11_12w",220,59.9274765889241,49.4103571098523,69.6032428480432,4.84919231747229,"At/Above-threshold"
"nhanes13_14w",267,63.7176716319941,57.6149845223951,69.4082313852938,2.7781972637338,"At/Above-threshold"
"nhanes15_16w",286,67.7628352805535,59.126788095817,75.3353537411047,3.82982284382075,"At/Above-threshold"
"nhanes17_18w",340,67.22193723104,61.2375593241393,72.6943767758792,2.69739948974912,"At/Above-threshold"
