"","Unweighted_count","Proportion","Lower","Upper","SE"
"nhanes01_02w",130,64.5587934323894,50.407219391585,76.5507102285736,0.0626273774559341
"nhanes03_04w",120,62.5074285527462,51.3389879919145,72.4862866593234,0.0503106111476744
"nhanes05_06w",120,68.4495636050973,59.0739378491229,76.5306633783823,0.041287134664189
"nhanes07_08w",186,62.2550284671657,53.8184653951284,70.0092316122717,0.0385021467755602
"nhanes09_10w",165,54.6901562757122,41.8828128524261,66.9052934521316,0.0602865680641934
"nhanes11_12w",176,62.8193446278531,53.03059113068,71.6583347515101,0.044625277659758
"nhanes13_14w",196,62.7566987358886,52.8347205768441,71.7090686077149,0.0447707287560897
"nhanes15_16w",247,65.4742178164813,56.5118320589714,73.4570956130285,0.040088323900179
"nhanes17_18w",248,69.4049937709246,60.5770762038517,77.0064416260886,0.0388090226037474
