"","Unweighted.Count","Proportion","Lower_CI","Upper_CI","SE","Race"
"nhanes01_02w",49,48.4456558921873,35.6996077103268,61.397176417804,5.69950929463555,"NH Black"
"nhanes03_04w",55,51.8785217241562,44.4209185228269,59.2533552677712,3.23991418917597,"NH Black"
"nhanes05_06w",64,44.8735747289578,34.9626086048348,55.2091045576714,4.53705864136295,"NH Black"
"nhanes07_08w",105,53.1637003645091,41.2260036240112,64.7499256386467,5.37915854813942,"NH Black"
"nhanes09_10w",74,48.4930870411001,35.7775676387962,61.4067390689283,5.88226429231611,"NH Black"
"nhanes11_12w",114,49.6609820939712,40.612882096821,58.7313415437295,4.24018201756906,"NH Black"
"nhanes13_14w",81,49.2252627919582,37.3960877629007,61.1418262982689,5.49928108793107,"NH Black"
"nhanes15_16w",105,57.0577645326967,47.2945605537887,66.3010712992551,4.31650129855122,"NH Black"
"nhanes17_18w",101,56.6150649316791,48.5159845866423,64.3755971917766,3.63294997947093,"NH Black"
