"","Unweighted_Count","Weighted_Count.total","Weighted_Count.high_srh","Proportion","Lower_CI","Upper_CI","SE","Insurance"
"nhanes01_02w",111,2661958.514866,422444.80266336,46.0354617629832,36.3131139286126,56.0691632525061,4.69576749925368,"Public insurance"
"nhanes03_04w",139,4257789.591333,781791.90580092,54.4394882378279,45.6571848803344,62.9541007012284,4.09842235596064,"Public insurance"
"nhanes05_06w",118,4001015.636205,545655.086201335,56.6042438159009,48.2232580648976,64.6238170413578,3.88169624487754,"Public insurance"
"nhanes07_08w",181,4221834.879063,457899.138943253,48.6794674208318,40.0710892124264,57.3669053355034,4.12077888659879,"Public insurance"
"nhanes09_10w",191,4826677.599621,306046.548777835,57.6838812685577,50.8434166689123,64.2419166056282,3.17879710142087,"Public insurance"
"nhanes11_12w",181,5655772.458197,894753.163644936,54.220908382762,44.3998042951619,63.7245783393998,4.63762825139052,"Public insurance"
"nhanes13_14w",193,6670242.288086,746594.361802869,56.0802915189832,48.8987675733877,63.0158999848718,3.33354948122488,"Public insurance"
"nhanes15_16w",238,8555356.180213,1093810.9445816,60.1777006419227,49.7206340455098,69.7817063520943,4.76764048591168,"Public insurance"
"nhanes17_18w",286,9963145.52190749,919200.320323444,63.7447073542945,58.2266246112329,68.9229162693969,2.51787965461783,"Public insurance"
