"","Unweighted_Count","Weighted_Count.total","Weighted_Count.high_srh","Proportion","Lower_CI","Upper_CI","SE","Insurance"
"nhanes01_02w",17,510089.63297,176148.010813996,47.6627538189125,27.3664358115517,68.7615234207146,9.3103941830404,"Non-insured"
"nhanes03_04w",19,776377.328742,249752.506629313,49.9546737647572,22.9606280635515,76.9751679789226,12.3494604584547,"Non-insured"
"nhanes05_06w",13,463575.281022,138901.610947307,31.5472378635566,18.898683302777,47.6839388950605,6.60939963096663,"Non-insured"
"nhanes07_08w",31,849283.991851,188607.355054292,46.6901158190797,32.7225844549198,61.1965241950561,6.71916823892308,"Non-insured"
"nhanes09_10w",31,680758.576402,167570.602491269,37.1667713018983,24.1466842103783,52.3611544625142,6.69757413034415,"Non-insured"
"nhanes11_12w",39,1249315.866138,301683.775085039,49.4611613197945,33.7007636769186,65.3293777588196,7.34949053179499,"Non-insured"
"nhanes13_14w",26,713836.783572,199801.699624652,35.5261777272547,21.4620847843578,52.630436858558,7.29829150211729,"Non-insured"
"nhanes15_16w",29,664707.459227,144298.582012823,34.4108887378359,23.682054792997,47.0065150059099,5.38514121495727,"Non-insured"
"nhanes17_18w",27,699327.032085931,179288.139350891,38.3586704717384,23.3295606760401,55.9982490060031,7.59221189372341,"Non-insured"
