"","Unweighted_Count","Weighted_Count.total","Weighted_Count.high_srh","Proportion","Lower_CI","Upper_CI","SE","Insurance"
"01/02-03/04",406,7231636.6927715,628891.345089142,59.2838326904276,54.2350895730921,64.1438316205832,2.43359212097519,"Uninsured"
"05/06-07/08",500,8328773.4712925,594081.784641402,60.5312856198923,55.3200507616287,65.5136173160045,2.50728776228083,"Uninsured"
"09/10-11/12",559,9044905.9227785,689676.585468207,58.2366541799588,52.4236570289923,63.8294508474587,2.81496446811432,"Uninsured"
"13/14-15/16",681,13369127.088331,1025985.903681,63.5983261637615,58.2233001430757,68.6541119331911,2.5621872756563,"Uninsured"
"2017-2018",405,7825756.37403537,516821.498189239,66.010569421758,61.5412903171574,70.2118696276265,2.03836581383806,"Uninsured"
