"","Unweighted.Count","Proportion","Lower_CI","Upper_CI","SE","Age"
"nhanes01_02w",22,64.7092269220459,35.013392943363,86.188260688372,12.363629002786,"20-39"
"nhanes03_04w",11,41.3587573080477,15.3765546730269,73.2444256038443,12.7957937880004,"20-39"
"nhanes05_06w",19,61.3824675217573,34.2301838614399,82.9188785893783,11.6991297369559,"20-39"
"nhanes07_08w",33,74.2249005067334,61.2590978855185,83.9857090937704,5.06988154461369,"20-39"
"nhanes09_10w",19,66.6778204138208,45.7409847042577,82.6076627583834,8.32877866461207,"20-39"
"nhanes11_12w",17,47.2118024576819,27.8971358028943,67.3988919942439,8.83142843059945,"20-39"
"nhanes13_14w",16,57.0294572778401,35.6472100120671,76.0753612741073,9.28545951845031,"20-39"
"nhanes15_16w",28,54.8008895852943,36.8729579915433,71.563850144598,7.84437971659698,"20-39"
"nhanes17_18w",17,62.6185349625148,35.8300141586386,83.4038304169447,10.8755418311125,"20-39"
