"","Unweighted.Count","Proportion","Lower_CI","Upper_CI","SE","Race"
"nhanes01_02w",116,60.1040606811003,49.7395893649659,69.6359631150542,4.66423813862049,"NH White"
"nhanes03_04w",120,60.4535837338838,49.343320217934,70.5799618565266,4.94501271464283,"NH White"
"nhanes05_06w",105,67.0393750614025,58.7334284680388,74.4021534981556,3.62064615545492,"NH White"
"nhanes07_08w",148,56.3083299012941,44.4743049681703,67.4652588356324,5.41630219459125,"NH White"
"nhanes09_10w",149,61.9014734264009,50.3025529062446,72.2848322784655,5.23648080805207,"NH White"
"nhanes11_12w",113,59.8785425494757,46.6257377935014,71.8288905818122,5.95589095523359,"NH White"
"nhanes13_14w",151,65.8254427436724,56.5988455463102,73.9918973285744,4.0907429819792,"NH White"
"nhanes15_16w",134,71.6490798583748,57.8216358545342,82.328817821801,5.75126889544439,"NH White"
"nhanes17_18w",168,66.926949442388,61.3346555330646,72.0786162904644,2.52852020941006,"NH White"
