"","Unweighted_Count","Weighted_Count.total","Weighted_Count.low_srh","Proportion","Lower_CI","Upper_CI","SE","Income"
"01/02-03/04",285,4049752.796996,468020.851355916,38.2972397078555,32.8428844483776,44.0630914384814,2.75785597510493,"Above poverty threshold"
"05/06-07/08",330,4519251.616794,488782.816882833,37.1613281395164,32.3874928594782,42.199638151968,2.41265149847693,"Above poverty threshold"
"09/10-11/12",368,5510187.915921,636355.528483136,40.4915237921653,34.2976524215817,47.0037331804198,3.13891627854236,"Above poverty threshold"
"13/14-15/16",385,5864332.97445599,431741.040857336,33.8364062045006,29.1501689941874,38.862771860247,2.38433092237956,"Above poverty threshold"
"2017-2018",203,3223347.04488435,385357.746752618,32.0736823552522,26.6451023653161,38.0347970387531,2.68124769983411,"Above poverty threshold"
