"","Unweighted_count","Proportion","Lower","Upper","SE"
"nhanes01_02w",121,46.9008203892824,37.5353486570846,56.4898093306996,0.0450059322847975
"nhanes03_04w",126,49.326059636464,39.5824252688151,59.12115998234,0.0464312704783878
"nhanes05_06w",119,43.9595364272383,35.0611210066796,53.2639725497545,0.0431745307226015
"nhanes07_08w",188,52.6065120063211,47.3068340880781,57.848107528114,0.0249550592752077
"nhanes09_10w",167,48.4665350438314,40.7668886544508,56.2396733731821,0.0367892556286778
"nhanes11_12w",155,46.8128083095752,38.6063375202699,55.1953959680704,0.0396792039089572
"nhanes13_14w",177,45.9361364773536,38.9945179331526,53.03911993696,0.0331638735060549
"nhanes15_16w",187,45.0412462690277,36.0281212240625,54.3920306002094,0.0435677375992147
"nhanes17_18w",163,41.3248452128043,32.8600585718825,50.3354014872272,0.0414051641612604
