"","Unweighted_Count","Proportion","Lower_CI","Upper_CI","SE","Insurance"
"nhanes01_02w",29,52.3372461810875,31.2384765792854,72.6335641884483,9.3103941830404,"Non-insured"
"nhanes03_04w",26,50.0453262352428,23.0248320210774,77.0393719364485,12.3494604584547,"Non-insured"
"nhanes05_06w",40,68.4527621364434,52.3160611049395,81.101316697223,6.60939963096663,"Non-insured"
"nhanes07_08w",58,53.3098841809203,38.8034758049439,67.2774155450803,6.71916823892308,"Non-insured"
"nhanes09_10w",65,62.8332286981017,47.6388455374858,75.8533157896217,6.69757413034415,"Non-insured"
"nhanes11_12w",47,50.5388386802055,34.6706222411804,66.2992363230814,7.34949053179499,"Non-insured"
"nhanes13_14w",52,64.4738222727453,47.369563141442,78.5379152156422,7.29829150211729,"Non-insured"
"nhanes15_16w",55,65.5891112621641,52.9934849940901,76.317945207003,5.38514121495727,"Non-insured"
"nhanes17_18w",38,61.6413295282616,44.0017509939969,76.6704393239599,7.59221189372341,"Non-insured"
