"","Unweighted_count","Proportion","Lower","Upper","SE"
"nhanes01_02w",53,51.5543441078127,38.602823582196,64.3003922896731,0.0569950929463555
"nhanes03_04w",51,48.1214782758438,40.7466447322288,55.5790814771731,0.0323991418917597
"nhanes05_06w",84,55.1264252710422,44.7908954423286,65.0373913951651,0.0453705864136295
"nhanes07_08w",97,46.8362996354909,35.2500743613533,58.7739963759888,0.0537915854813942
"nhanes09_10w",76,51.5069129588999,38.5932609310718,64.2224323612038,0.0588226429231611
"nhanes11_12w",112,50.3390179060288,41.2686584562705,59.387117903179,0.0424018201756906
"nhanes13_14w",84,50.6153917005831,38.653863968561,62.5068819783813,0.0552512423333214
"nhanes15_16w",78,42.9422354673033,33.6989287007449,52.7054394462113,0.0431650129855122
"nhanes17_18w",75,43.3849350683209,35.6244028082234,51.4840154133577,0.0363294997947093
