"","Unweighted_count","Proportion","Lower","Upper","SE"
"nhanes01_02w",109,36.9021221564151,26.8419459728167,48.2462262037264,0.050932971906332
"nhanes03_04w",107,35.3342967685818,26.7963923257555,44.9231468427203,0.0426773931495298
"nhanes05_06w",99,32.3549290086554,26.2125092885039,39.1725774194389,0.0305426890568447
"nhanes07_08w",147,38.8383927876099,30.4954506128649,47.8910994630672,0.0414264940203314
"nhanes09_10w",151,39.1489181592304,30.2441754148725,48.8398004848154,0.0443479202416354
"nhanes11_12w",146,40.5178469257398,28.5301679457953,53.7540675098496,0.0610433581616417
"nhanes13_14w",133,35.2987874797206,27.4702035029974,44.0048037926488,0.0391063649685222
"nhanes15_16w",180,32.0116408781682,24.1144548106771,41.0945284103901,0.0401473168021444
"nhanes17_18w",170,32.7967589252802,24.5938427871399,42.2043371251491,0.0416727586215447
