"","Unweighted_count","Proportion","Lower","Upper","SE"
"nhanes01_02w",6,18.780957684518,4.2252132196495,54.7931660854392,0.0794032584331929
"nhanes03_04w",10,64.7556236087139,12.0612739986861,96.095713225758,0.137645132940247
"nhanes05_06w",2,13.5689203120478,0,NA,0.0933886312818244
"nhanes07_08w",11,51.161524514588,7.25546109511786,93.3456162597484,0.150672370800961
"nhanes09_10w",16,47.3131955441811,18.9021082503941,77.5778371012694,0.121100262698609
"nhanes11_12w",30,28.5831176406987,14.6783244268866,48.2162717746676,0.0761911209675831
"nhanes13_14w",26,43.9146564201164,27.5322893270449,61.7400416979851,0.0772378751418804
"nhanes15_16w",33,45.9664872337573,31.3227301599308,61.3415135312603,0.072189649681651
"nhanes17_18w",42,30.5851471055304,20.0234352532072,43.6754971518309,0.056302002213152
