"","Unweighted_Count","Proportion","Lower_CI","Upper_CI","SE","Sex"
"nhanes01_02w",98,36.3535257238269,26.2449351013766,47.830642058385,5.13703482748195,"Male"
"nhanes03_04w",101,32.8148403037552,23.5431979189271,43.6530714227605,4.7419766670941,"Male"
"nhanes05_06w",94,31.5564247394324,24.8914531650382,39.0775144513031,3.34574423523526,"Male"
"nhanes07_08w",142,38.2041771784785,29.7716435482164,47.4126622355894,4.20190206894947,"Male"
"nhanes09_10w",145,39.0891817948902,29.9843175849168,49.0229907412223,4.54288023380327,"Male"
"nhanes11_12w",145,40.6083556395615,28.5460305068769,53.9213347273943,6.14268515247973,"Male"
"nhanes13_14w",130,35.0429058047517,27.2735091751929,43.6957860736153,3.88345777754434,"Male"
"nhanes15_16w",175,31.5380662637178,23.5662703962965,40.7681659717523,4.06744570425535,"Male"
"nhanes17_18w",163,32.2962755042055,24.143717538158,41.6887865323472,4.15092470391702,"Male"
