"","Unweighted.Count","Proportion","Lower_CI","Upper_CI","SE"
"nhanes01_02w",230,41.7746176445363,34.6657242816593,49.2425691212934,3.44328090519143
"nhanes03_04w",233,42.7171410096743,36.2883368648258,49.4017515128866,3.09358722284699
"nhanes05_06w",218,38.6033499110019,32.2193972611426,45.4048767167676,3.11009295945985
"nhanes07_08w",335,46.1712314973715,39.4644568700559,53.0195199794144,3.21677335619858
"nhanes09_10w",318,43.7654071123227,36.1264310157351,51.7119334306544,3.70570417165756
"nhanes11_12w",301,43.7528294140574,35.8333904288914,52.0040236173827,3.86562076858259
"nhanes13_14w",310,40.654136837869,33.9063484747793,47.7741420087217,3.27341695184436
"nhanes15_16w",367,37.925825618267,30.2024235737258,46.3137417066349,3.81034303239518
"nhanes17_18w",333,36.5827218911186,31.9948756010961,41.4276722780453,2.21877313843913
