"","Unweighted_count","Proportion","Lower","Upper","SE"
"nhanes01_02w",91,35.4412065676106,23.4492897714264,49.592780608415,0.0626273774559341
"nhanes03_04w",105,37.4925714472537,27.5137133406766,48.6610120080855,0.0503106111476744
"nhanes05_06w",92,31.5504363949027,23.4693366216177,40.9260621508771,0.041287134664189
"nhanes07_08w",139,37.7449715328343,29.9907683877284,46.1815346048716,0.0385021467755601
"nhanes09_10w",166,45.3098437242878,33.0947065478684,58.1171871475739,0.0602865680641934
"nhanes11_12w",123,37.1806553721469,28.3416652484899,46.96940886932,0.044625277659758
"nhanes13_14w",149,37.2433012641114,28.2909313922851,47.1652794231559,0.0447707287560897
"nhanes15_16w",193,34.5257821835187,26.5429043869715,43.4881679410286,0.040088323900179
"nhanes17_18w",156,30.5950062290754,22.9935583739114,39.4229237961483,0.0388090226037474
