"","Unweighted_count","Proportion","Lower","Upper","SE"
"nhanes01_02w",89,39.8959393188997,30.3640368849458,50.2604106350341,0.0466423813862049
"nhanes03_04w",85,39.5464162661162,29.4200381434734,50.656679782066,0.0494501271464282
"nhanes05_06w",64,32.9606249385975,25.5978465018444,41.2665715319612,0.0362064615545492
"nhanes07_08w",119,43.6916700987059,32.5347411643676,55.5256950318297,0.0541630219459124
"nhanes09_10w",97,38.0985265735991,27.7151677215345,49.6974470937554,0.0523648080805208
"nhanes11_12w",85,40.1214574505243,28.1711094181878,53.3742622064987,0.0595589095523359
"nhanes13_14w",96,34.1745572563275,26.0081026714256,43.4011544536898,0.040907429819792
"nhanes15_16w",73,28.3509201416252,17.671182178199,42.1783641454658,0.0575126889544439
"nhanes17_18w",110,33.073050557612,27.9213837095356,38.6653444669354,0.0252852020941006
