"","Unweighted_Count","Weighted_Count.total","Weighted_Count.low_srh","Proportion","Lower_CI","Upper_CI","SE","Income"
"01/02-03/04",116,1166511.9146,154799.247985284,59.7990563840225,47.5859013266073,70.9063058099068,5.70748621704014,"Below poverty threshold"
"05/06-07/08",138,1347737.3779965,159235.706917266,64.1055150441328,56.1329438011314,71.3681960517051,3.72479582396501,"Below poverty threshold"
"09/10-11/12",174,1738531.460273,199156.952151367,59.3532575006789,50.8137090371808,67.3624743228362,4.06866048173699,"Below poverty threshold"
"13/14-15/16",216,2416607.4950985,274744.44266424,61.4272238112071,52.6117421274202,69.5518629551809,4.17274295900927,"Below poverty threshold"
"2017-2018",77,1016487.18020391,211694.80397621,71.4666889479079,61.021468405689,80.0289346151383,4.4358265155652,"Below poverty threshold"
