"","Unweighted_count","Proportion","Lower","Upper","SE"
"nhanes01_02w",120,38.3232207662192,29.9112364896587,47.4977235065367,0.0416603549965693
"nhanes03_04w",102,43.9768749733972,34.1024736393168,54.3522013216847,0.0481579009632462
"nhanes05_06w",128,38.3223042984712,29.6059212040901,47.8601628277011,0.043275437964701
"nhanes07_08w",185,47.0593795020173,39.9359729161863,54.3046217410307,0.0341251713724679
"nhanes09_10w",182,50.8977548991613,40.2143357591746,61.4997996569749,0.0509830555842724
"nhanes11_12w",167,44.5220374488426,35.2196486694144,54.2247786452061,0.0455872323419009
"nhanes13_14w",186,44.456054890564,37.6323417587995,51.495462050262,0.0327284850527962
"nhanes15_16w",214,42.455949018839,34.0540515671378,51.3176698690781,0.0408970591048755
"nhanes17_18w",187,40.4535020946119,32.7041130226247,48.7100297259162,0.0378594521546801
