"","Unweighted_Count","Weighted_Count.total","Weighted_Count.low_srh","Proportion","Lower_CI","Upper_CI","SE","Insurance"
"01/02-03/04",373,4966691.864247,493003.770411178,40.7161673095724,35.8561683794168,45.7649104269079,2.43359212097519,"Uninsured"
"05/06-07/08",423,5430678.993658,584949.175045656,39.4687143801077,34.4863826839955,44.6799492383713,2.50728776228084,"Uninsured"
"09/10-11/12",486,6486387.9753795,583790.784740828,41.7633458200412,36.1705491525413,47.5763429710077,2.81496446811432,"Uninsured"
"13/14-15/16",549,7652066.2272075,471127.984737744,36.4016738362385,31.3458880668089,41.7766998569243,2.5621872756563,"Uninsured"
"2017-2018",282,4029551.71160568,381464.757301077,33.989430578242,29.7881303723735,38.4587096828426,2.03836581383806,"Uninsured"
