"","Unweighted_count","Proportion","Lower","Upper","SE"
"nhanes01_02w",82,52.0900144774589,35.6653753694452,68.07490517423,0.0728955818803586
"nhanes03_04w",87,42.1019971783367,28.1863776900535,57.3968189402368,0.0584752304854912
"nhanes05_06w",68,49.769181105942,31.1100440287022,68.4928319927918,0.0868341633028529
"nhanes07_08w",108,56.3011797640635,45.7691847259311,66.2940779852053,0.0472872401779068
"nhanes09_10w",129,56.7688018768857,45.8887913528035,67.0328117455697,0.0487544986573961
"nhanes11_12w",74,61.4983056057408,48.3170289921666,73.1836258013479,0.0560663996609579
"nhanes13_14w",104,57.5972276138043,46.6926796001073,67.8089917893777,0.0486847375274037
"nhanes15_16w",183,60.9921730165051,54.8574069037017,66.7978320509391,0.0279619048982581
"nhanes17_18w",106,53.1026773732476,40.8077523590804,65.0321349174622,0.0554582401620387
