"","Unweighted_count","Proportion","Lower","Upper","SE"
"nhanes01_02w",110,48.2490123276502,38.725945191049,57.9009932356682,0.0455443291792363
"nhanes03_04w",131,40.9888833375491,33.1872348655607,49.2720250065345,0.0380507710105532
"nhanes05_06w",90,39.0828512830883,31.2859161219405,47.4802432363076,0.0383078836451259
"nhanes07_08w",150,44.7873738167398,36.3481970261302,53.5378842450346,0.0409455301137895
"nhanes09_10w",136,34.5227436482646,29.1570437640845,40.313968450292,0.0264105939565542
"nhanes11_12w",134,42.6161061018926,31.0309670727926,55.0727157903913,0.058086984568849
"nhanes13_14w",124,34.6092016226208,25.8423889673544,44.5629006843785,0.044373197738983
"nhanes15_16w",153,31.4772507447244,22.0179269838754,42.7715145983715,0.0492534713234617
"nhanes17_18w",146,31.9015192126124,24.8154214661675,39.9362587909953,0.0356914786305166
