"","Unweighted_count","Proportion","Lower","Upper","SE"
"nhanes01_02w",31,52.9995009224988,31.8128109145802,73.1576569134047,0.0929678284397647
"nhanes03_04w",27,49.9079656362134,24.4815181530518,75.3821030450883,0.118705304195206
"nhanes05_06w",40,68.4527621364434,52.3160611049395,81.101316697223,0.0660939963096663
"nhanes07_08w",61,54.5746428821915,39.0397981480054,69.2671232709987,0.0715839404789631
"nhanes09_10w",66,62.7055024823624,47.849399234846,75.4967519352607,0.0655641097915207
"nhanes11_12w",48,50.8262320200118,34.8345722939329,66.6505786473708,0.0748745356350747
"nhanes13_14w",53,63.8637675129441,47.4370759226573,77.5828340628179,0.0704677337675753
"nhanes15_16w",56,65.2264126153448,52.7422231101244,75.9184480538318,0.0535052800611841
"nhanes17_18w",38,61.6413295282616,44.0017509939969,76.6704393239599,0.0759221189372341
