"","Unweighted_count","Proportion","Lower","Upper","SE"
"nhanes01_02w",114,50.4410265037338,40.9360095968145,59.9142717335505,0.0450659219536213
"nhanes03_04w",117,46.4971779869827,38.9557821572736,54.2022067754312,0.0360450466496813
"nhanes05_06w",118,48.2643484249256,40.3727967516316,56.2434371408449,0.0375466919323074
"nhanes07_08w",170,52.5430373051158,43.6894530256137,61.2395733565136,0.0418255285121904
"nhanes09_10w",140,43.2232460761182,38.1392922978611,48.4540706758476,0.0244135444261756
"nhanes11_12w",154,51.867206204456,45.4461819484742,58.2271439207794,0.0304556176714254
"nhanes13_14w",150,44.0135851715006,35.1323421424327,53.2953553553338,0.0430780656098259
"nhanes15_16w",157,42.8512560923477,31.747743233832,54.7244626133876,0.0548577520908431
"nhanes17_18w",162,43.1168110590011,35.0589077521135,51.556424532101,0.039050019706905
