"","Unweighted_Count","Weighted_Count.total","Weighted_Count.low_srh","Proportion","Lower_CI","Upper_CI","SE","Insurance"
"01/02-03/04",55,674470.153105,164400.378909,50.5107207218943,33.4308935384911,67.4721714726314,8.20595733458388,"Insured"
"05/06-07/08",98,987792.460036,107826.017054267,60.0765834588259,49.8367957660897,69.5051367008776,4.80167456870397,"Insured"
"09/10-11/12",112,1213705.048259,159094.374702853,55.7066829442556,44.8975168305347,66.001137672603,5.17756153720709,"Insured"
"13/14-15/16",107,1281229.8026895,135616.009405721,65.0204796568029,55.0582165670943,73.8242896711464,4.57225877671861,"Insured"
"2017-2018",38,561899.663321526,183370.277185335,61.6413295282616,44.0017509939969,76.6704393239599,7.59221189372341,"Insured"
